[
  {
    "id": "d5436b29-aa88-47e6-8d48-ed7fdb0a4dbf",
    "data": [
      {
        "text": "junk shop place",
        "userDefined": false
      }
    ],
    "isTemplate": false,
    "count": 0,
    "updated": 1546709774
  },
  {
    "id": "0ab805ab-d278-4c3d-bef0-b26e12e6abb9",
    "data": [
      {
        "text": "where is junk shop",
        "userDefined": false
      }
    ],
    "isTemplate": false,
    "count": 0,
    "updated": 1546709774
  },
  {
    "id": "f966d9c5-7697-4675-906e-53e2c64ab7ae",
    "data": [
      {
        "text": "locate junk shop",
        "userDefined": false
      }
    ],
    "isTemplate": false,
    "count": 0,
    "updated": 1546709685
  },
  {
    "id": "3874b6b1-b074-4ea0-9351-89d53b019a61",
    "data": [
      {
        "text": "junk shop search",
        "userDefined": false
      }
    ],
    "isTemplate": false,
    "count": 0,
    "updated": 1546709685
  },
  {
    "id": "0abae873-50fe-4dd9-9410-0ce4c5a8495d",
    "data": [
      {
        "text": "search for junk shop",
        "userDefined": false
      }
    ],
    "isTemplate": false,
    "count": 0,
    "updated": 1546709685
  },
  {
    "id": "ddfb7029-70c2-4db1-a0bc-00c366d1a3ad",
    "data": [
      {
        "text": "find a junk shop",
        "userDefined": false
      }
    ],
    "isTemplate": false,
    "count": 0,
    "updated": 1546709685
  },
  {
    "id": "9257b755-0b61-4c77-af3b-6a15d53e9189",
    "data": [
      {
        "text": "location of junk shop",
        "userDefined": false
      }
    ],
    "isTemplate": false,
    "count": 0,
    "updated": 1546709685
  },
  {
    "id": "1e5da83d-1e8e-48b7-b166-fd35c08a6924",
    "data": [
      {
        "text": "nearby junk shop",
        "userDefined": false
      }
    ],
    "isTemplate": false,
    "count": 0,
    "updated": 1546709685
  }
]