[
  {
    "id": "2eef3d81-df8c-4502-a3b7-c98ff62efb60",
    "data": [
      {
        "text": "meaning of junk shop",
        "userDefined": false
      }
    ],
    "isTemplate": false,
    "count": 0,
    "updated": 1546709504
  },
  {
    "id": "f1c15d2e-1972-464f-9b4f-40ca2378c4a1",
    "data": [
      {
        "text": "junkshop",
        "userDefined": false
      }
    ],
    "isTemplate": false,
    "count": 0,
    "updated": 1546709504
  },
  {
    "id": "38d93761-43a9-472f-947b-6d1bd6795ff2",
    "data": [
      {
        "text": "information about junk shops",
        "userDefined": false
      }
    ],
    "isTemplate": false,
    "count": 0,
    "updated": 1546709504
  },
  {
    "id": "361724ed-17b7-4882-9afc-388e9ac2e222",
    "data": [
      {
        "text": "junk shop",
        "userDefined": false
      }
    ],
    "isTemplate": false,
    "count": 0,
    "updated": 1546709504
  },
  {
    "id": "d1da63d4-5711-4b67-99b3-1d4e1d548e5f",
    "data": [
      {
        "text": "what is a junk shop",
        "userDefined": false
      }
    ],
    "isTemplate": false,
    "count": 0,
    "updated": 1546709504
  }
]