[
  {
    "id": "c48835e0-17b9-4951-90ad-22575e4f08af",
    "data": [
      {
        "text": "guide in recycling at ",
        "userDefined": false
      },
      {
        "text": "home",
        "alias": "recycle",
        "meta": "@recycle",
        "userDefined": false
      }
    ],
    "isTemplate": false,
    "count": 0,
    "updated": 1546708873
  },
  {
    "id": "9741a15f-8fe9-4c7e-b430-0f38102573bd",
    "data": [
      {
        "text": "how to recycle at ",
        "userDefined": false
      },
      {
        "text": "home",
        "alias": "recycle",
        "meta": "@recycle",
        "userDefined": false
      }
    ],
    "isTemplate": false,
    "count": 0,
    "updated": 1546708395
  },
  {
    "id": "dedb44da-3f69-462d-be27-b7e298a3eb3c",
    "data": [
      {
        "text": "recycle at ",
        "userDefined": false
      },
      {
        "text": "home",
        "alias": "recycle",
        "meta": "@recycle",
        "userDefined": false
      }
    ],
    "isTemplate": false,
    "count": 0,
    "updated": 1546708395
  },
  {
    "id": "44a063ab-b9b0-4a5d-8c55-6c3d4278bc64",
    "data": [
      {
        "text": "recycle ",
        "userDefined": false
      },
      {
        "text": "home",
        "alias": "recycle",
        "meta": "@recycle",
        "userDefined": false
      }
    ],
    "isTemplate": false,
    "count": 0,
    "updated": 1546708395
  },
  {
    "id": "446cdbdd-54a5-4b66-9ae7-fac05be8d1cd",
    "data": [
      {
        "text": "home",
        "alias": "recycle",
        "meta": "@recycle",
        "userDefined": false
      },
      {
        "text": " recycle",
        "userDefined": false
      }
    ],
    "isTemplate": false,
    "count": 0,
    "updated": 1546708395
  },
  {
    "id": "70438674-f09b-45b1-8e9c-df1355605d79",
    "data": [
      {
        "text": "tips for recycling at ",
        "userDefined": false
      },
      {
        "text": "home",
        "alias": "recycle",
        "meta": "@recycle",
        "userDefined": false
      }
    ],
    "isTemplate": false,
    "count": 0,
    "updated": 1546708395
  },
  {
    "id": "ed51de97-b1ab-4fa0-982e-4e8d0efd5e82",
    "data": [
      {
        "text": "recycling at ",
        "userDefined": false
      },
      {
        "text": "home",
        "alias": "recycle",
        "meta": "@recycle",
        "userDefined": false
      }
    ],
    "isTemplate": false,
    "count": 0,
    "updated": 1546708395
  }
]