[
  {
    "id": "3d99f0ad-adb3-427a-a2f8-13455acb3279",
    "data": [
      {
        "text": "getting started with recycling",
        "userDefined": false
      }
    ],
    "isTemplate": false,
    "count": 0,
    "updated": 1546709192
  },
  {
    "id": "2a45a569-c096-4332-b1ef-aa6cff73aa7c",
    "data": [
      {
        "text": "guide in recycling",
        "userDefined": false
      }
    ],
    "isTemplate": false,
    "count": 0,
    "updated": 1546709192
  },
  {
    "id": "37cbb36a-2564-4451-8eb1-0a9882c34616",
    "data": [
      {
        "text": "tips on recycling",
        "userDefined": false
      }
    ],
    "isTemplate": false,
    "count": 0,
    "updated": 1546709192
  },
  {
    "id": "10b75073-1033-449b-8849-4f5951f0ee49",
    "data": [
      {
        "text": "knowledge about recycle",
        "userDefined": false
      }
    ],
    "isTemplate": false,
    "count": 0,
    "updated": 1546709192
  },
  {
    "id": "101e9d36-a6b1-4dcd-88a1-4b62a7fe91dd",
    "data": [
      {
        "text": "recycle",
        "userDefined": false
      }
    ],
    "isTemplate": false,
    "count": 0,
    "updated": 1546709192
  },
  {
    "id": "93e957e8-b065-440e-9806-df4adcdef64b",
    "data": [
      {
        "text": "what is recycle",
        "userDefined": false
      }
    ],
    "isTemplate": false,
    "count": 0,
    "updated": 1546709192
  },
  {
    "id": "b494d83f-4d9e-440b-b465-cc3a6e2deadc",
    "data": [
      {
        "text": "what is recycling",
        "userDefined": false
      }
    ],
    "isTemplate": false,
    "count": 0,
    "updated": 1546709192
  }
]