[
  {
    "id": "00dacaec-f9ba-4220-8d13-1e5490723a2c",
    "data": [
      {
        "text": "selling items for junk shops",
        "userDefined": false
      }
    ],
    "isTemplate": false,
    "count": 0,
    "updated": 1546692774
  },
  {
    "id": "20c5ada8-94e2-4219-b1ac-0e6b60d5162e",
    "data": [
      {
        "text": "selling materials",
        "userDefined": false
      }
    ],
    "isTemplate": false,
    "count": 0,
    "updated": 1546692015
  },
  {
    "id": "ad82c3c2-260e-4837-85c8-bbbbcfbc4e9d",
    "data": [
      {
        "text": "selling scraps",
        "userDefined": false
      }
    ],
    "isTemplate": false,
    "count": 0,
    "updated": 1546692015
  },
  {
    "id": "a1b2fc6c-3243-4409-a13f-f42de0246f33",
    "data": [
      {
        "text": "i want to sell scraps",
        "userDefined": false
      }
    ],
    "isTemplate": false,
    "count": 0,
    "updated": 1546692015
  },
  {
    "id": "03bed048-1962-4a47-9b04-3db8b908faa5",
    "data": [
      {
        "text": "recyclable materials",
        "userDefined": false
      }
    ],
    "isTemplate": false,
    "count": 0,
    "updated": 1546691657
  },
  {
    "id": "d3906b77-e25b-4772-9898-a95623fd178d",
    "data": [
      {
        "text": "items for junkshops",
        "userDefined": false
      }
    ],
    "isTemplate": false,
    "count": 0,
    "updated": 1546691657
  },
  {
    "id": "3692ce9b-38b3-4a89-9248-a248450d8054",
    "data": [
      {
        "text": "scraps for junkshop",
        "userDefined": false
      }
    ],
    "isTemplate": false,
    "count": 0,
    "updated": 1546691657
  },
  {
    "id": "a1a189d3-71dc-4a3d-9b56-266aaec285ab",
    "data": [
      {
        "text": "what item i ",
        "userDefined": false
      },
      {
        "text": "can",
        "alias": "items",
        "meta": "@items",
        "userDefined": false
      },
      {
        "text": " sell on junk shop",
        "userDefined": false
      }
    ],
    "isTemplate": false,
    "count": 0,
    "updated": 1546692774
  },
  {
    "id": "3a42adf8-9a60-4706-b86a-4cd5b90db264",
    "data": [
      {
        "text": "What are the scraps that I ",
        "userDefined": false
      },
      {
        "text": "can",
        "alias": "items",
        "meta": "@items",
        "userDefined": false
      },
      {
        "text": " sell on junkshops",
        "userDefined": false
      }
    ],
    "isTemplate": false,
    "count": 0,
    "updated": 1546691657
  }
]